text,label
The company reported massive losses and bankruptcy is imminent,0
The firm reported massive losses and bankruptcy is imminent,0
The corporation reported massive losses and bankruptcy is imminent,0
Stock price crashed 50% following fraud allegations,0
Stock price crashed 50% following fraud allegations,0
Stock price crashed 50% following fraud allegations,0
Severe decline in revenue threatens company survival,0
Severe decline in revenue threatens firm survival,0
Severe decline in revenue threatens corporation survival,0
Major layoffs announced as company struggles,0
Major layoffs announced as firm struggles,0
Major layoffs announced as corporation struggles,0
Regulatory investigation reveals serious violations,0
Regulatory investigation reveals serious violations,0
Regulatory investigation reveals serious violations,0
Earnings missed expectations causing stock decline,1
Earnings missed expectations causing stock decline,1
Earnings missed expectations causing stock decline,1
Revenue decreased compared to last quarter,1
Revenue decreased compared to last quarter,1
Revenue decreased compared to last quarter,1
Company faces challenges in competitive market,1
Company faces challenges in competitive market,1
Company faces challenges in competitive market,1
Profit margins declined due to rising costs,1
Profit margins declined due to rising costs,1
Profit margins declined due to rising costs,1
Market uncertainty affects company performance,1
Market uncertainty affects firm performance,1
Market uncertainty affects corporation performance,1
Company maintains steady performance this quarter,2
Company maintains steady performance this quarter,2
Company maintains steady performance this quarter,2
No significant changes reported in financials,2
No significant changes reported in financials,2
No significant changes reported in financials,2
Stock price remains stable around current levels,2
Stock price remains stable around current levels,2
Stock price remains stable around current levels,2
Company continues normal operations,2
Company continues normal operations,2
Company continues normal operations,2
Quarterly results align with market expectations,2
Quarterly results align with market expectations,2
Quarterly results align with market expectations,2
Strong earnings beat analyst expectations,3
Strong earnings beat analyst expectations,3
Strong earnings beat analyst expectations,3
Revenue growth driven by new product launches,3
Revenue growth driven by new product launches,3
Revenue growth driven by new product launches,3
Company expands market share in key segments,3
Company expands market share in key segments,3
Company expands market share in key segments,3
Positive outlook for next quarter,3
Positive outlook for next quarter,3
Positive outlook for next quarter,3
Strategic partnerships boost company prospects,3
Strategic partnerships boost firm prospects,3
Strategic partnerships boost corporation prospects,3
Record-breaking profits exceed all forecasts,4
Record-breaking profits exceed all forecasts,4
Record-breaking profits exceed all forecasts,4
Stock surges 30% on exceptional earnings report,4
Stock surges 30% on exceptional earnings report,4
Stock surges 30% on exceptional earnings report,4
Company achieves market leadership position,4
Company achieves market leadership position,4
Company achieves market leadership position,4
Breakthrough innovation drives massive growth,4
Breakthrough innovation drives massive growth,4
Breakthrough innovation drives massive growth,4
Outstanding performance sets new industry standards,4
Outstanding performance sets new industry standards,4
Outstanding performance sets new industry standards,4
