{"train": [{"text": "Don't be sad if your Amazon driver shows up with smart glasses on - they're actually helpful", "label": 4, "ticker": "META"}, {"text": "Citi Maintains \u201cBuy\u201d Rating on Broadcom (AVGO)\u00a0with $415 PT", "label": 2, "ticker": "AVGO"}, {"text": "Nvidia Dips Toward 50-Day Moving Average. Is the NVDA Stock Story Over Ahead of November 19 Earnings?", "label": 2, "ticker": "NVDA"}, {"text": "The Hidden Force Behind the AI Revolution", "label": 2, "ticker": "TSM"}, {"text": "Revenue decreased compared to last quarter", "label": 1, "ticker": NaN}, {"text": "Company faces challenges in competitive market", "label": 1, "ticker": NaN}, {"text": "Severe decline in revenue threatens firm survival", "label": 0, "ticker": NaN}, {"text": "ICYMI: the week's 7 biggest tech stories from iPhone Pockets to Steam's new hardware", "label": 2, "ticker": "META"}, {"text": "Are Wall Street Analysts Predicting Air Products and Chemicals Stock Will Climb or Sink?", "label": 2, "ticker": "SMCI"}, {"text": "Tesla, Palantir and SMCI Trigger Market Shockwaves", "label": 2, "ticker": "SMCI"}, {"text": "Why Now You See Me: Now You Don't Is A Stronger Sequel Thanks To Its 9-Year Gap [Exclusive]", "label": 3, "ticker": "META"}, {"text": "Where Will Nvidia Stock Be in 10 Years?", "label": 2, "ticker": "NVDA"}, {"text": "3 Buy-And-Forget Dividend Stocks With Snowballing Payouts", "label": 2, "ticker": "TSM"}, {"text": "Databricks Achieves Awardability on the DoD\u2019s Tradewinds Solutions Marketplace", "label": 2, "ticker": "TSM"}, {"text": "Apurva Agnihotri joins \u2018Seher Hone Ko Hai\u2019 as Dr. Farid; says 'This show lets me step into the world of a man defined by science and dignity'", "label": 3, "ticker": "META"}, {"text": "Why These Wall Street Experts Expect Big Things From Nvidia's Earnings Report Next Week", "label": 2, "ticker": "NVDA"}, {"text": "Why These Wall Street Experts Expect Big Things From Nvidia's Earnings Report Next Week", "label": 2, "ticker": "AMZN"}, {"text": "Joby Aviation\u2019s Military Ambitions Are Taking to the Skies. Should You Buy JOBY Stock Here?", "label": 2, "ticker": "NVDA"}, {"text": "Nvidia Earnings Seen As Key To Reviving AI Stock Trade", "label": 2, "ticker": "AVGO"}, {"text": "Super Micro Computer (NASDAQ: SMCI) Stock Price Prediction and Forecast (Nov 2025)", "label": 3, "ticker": "SMCI"}, {"text": "I\u2019m Old Enough to Remember When a 500-Point-Drop in the Dow Jones Was a Crisis. Now It\u2019s Just a Warning.", "label": 0, "ticker": "MSFT"}, {"text": "Taiwan Semiconductor (TSM) Posts Slower October Sales, but AI Orders Stay Strong", "label": 4, "ticker": "TSM"}, {"text": "Company faces challenges in competitive market", "label": 1, "ticker": NaN}, {"text": "Stocks Settle Mixed as Fed Comments Suggest a Rate Cut Pause", "label": 1, "ticker": "AMZN"}, {"text": "Can Amazon (AMZN) Extend Its AI Leadership After Securing the Recent OpenAI Partnership?", "label": 3, "ticker": "AMZN"}, {"text": "Jefferies Tells NVIDIA to Step Aside, Picks Broadcom as Top Semiconductor Stock", "label": 3, "ticker": "AVGO"}, {"text": "Minding Your Business 2025 1080p AMZN WEB-DL H264-SURGE", "label": 2, "ticker": "AMZN"}, {"text": "Major layoffs announced as corporation struggles", "label": 0, "ticker": NaN}, {"text": "FTSE 100 LIVE: London slides and UK gilts sell as Reeves spooks market with tax U-turn", "label": 2, "ticker": "AVGO"}, {"text": "Apple launches $229.95 iPhone Pocket \u2018sock\u2019 to widespread bemusement", "label": 2, "ticker": "AAPL"}, {"text": "TSMC Monthly Sales Growth Slows as AI Demand Moderates - Bloomberg.com", "label": 3, "ticker": "TSM"}, {"text": "Quarterly results align with market expectations", "label": 2, "ticker": NaN}, {"text": "Is Wall Street Bullish or Bearish on Marriott International Stock?", "label": 2, "ticker": "SMCI"}, {"text": "The firm reported massive losses and bankruptcy is imminent", "label": 0, "ticker": NaN}, {"text": "Is Tesla Stock a Buy Below $400?", "label": 2, "ticker": "TSLA"}, {"text": "Parallels\u3001\u5b89\u5b9a\u6027\u3068\u30d1\u30d5\u30a9\u30fc\u30de\u30f3\u30b9\u554f\u984c\u3092\u6539\u5584\u3057\u305f\u300cParallels Desktop 26 for Mac v26.1.2\u300d\u3092\u30ea\u30ea\u30fc\u30b9\u3002", "label": 2, "ticker": "AAPL"}, {"text": "Stock price remains stable around current levels", "label": 2, "ticker": NaN}, {"text": "META Stock Has Fallen 15% This Month, but Wedbush Says It Can Soar 50% from Here", "label": 2, "ticker": "SMCI"}, {"text": "UBS Reaffirms Buy on Nvidia (NVDA) Despite Growth Sustainability and Valuation Concerns", "label": 1, "ticker": "NVDA"}, {"text": "Barchart\u2019s Technical Indicators Are Flashing \u2018Buy\u2019 as Warren Buffett Loads Up on 17.8 Million Shares of Google Stock", "label": 3, "ticker": "GOOGL"}, {"text": "Company maintains steady performance this quarter", "label": 2, "ticker": NaN}, {"text": "Revenue growth driven by new product launches", "label": 3, "ticker": NaN}, {"text": "Broadcom (NASDAQ: AVGO) Stock Price Prediction and Forecast 2025-2030 (Nov 2025)", "label": 2, "ticker": "AVGO"}, {"text": "Nvidia Dips Toward 50-Day Moving Average. Is the NVDA Stock Story Over Ahead of November 19 Earnings?", "label": 2, "ticker": "NVDA"}, {"text": "These 13 tech stocks have grown profits rapidly \u2014 and their stocks are still on sale", "label": 3, "ticker": "META"}, {"text": "Stock Index Futures Plunge on Fed Rate-Cut Doubts and Valuation Concerns", "label": 1, "ticker": "TSLA"}, {"text": "$1000 Invested In Apple 5 Years Ago Would Be Worth This Much Today", "label": 3, "ticker": "AAPL"}, {"text": "Profit margins declined due to rising costs", "label": 1, "ticker": NaN}, {"text": "What Are Wall Street Analysts' Target Price for Electronic Arts Stock?", "label": 2, "ticker": "SMCI"}, {"text": "Stock price crashed 50% following fraud allegations", "label": 0, "ticker": NaN}, {"text": "Palantir CEO Alex Karp warns some AI investments 'may not create enough value' to justify cost", "label": 1, "ticker": "GOOGL"}, {"text": "Stock market today: Dow, S&P 500, Nasdaq close mixed to cap a volatile week as Fed cut in doubt", "label": 1, "ticker": "MSFT"}, {"text": "Apple (AAPL) Forecasts Best Holiday Quarter Ever With Double-Digit iPhone and Services Growth", "label": 4, "ticker": "AAPL"}, {"text": "Yorkshire Air 999 S03E07 720p AMZN WEB-DL H264-RAWR", "label": 2, "ticker": "AMZN"}, {"text": "Severe decline in revenue threatens company survival", "label": 0, "ticker": NaN}, {"text": "Tech crash alert: $1.5 trillion lost from US stock market in just 48 hours \u2014 Nasdaq, S&P 500, Dow fall as rate cut hopes fade", "label": 1, "ticker": "AMZN"}, {"text": "Stock market today: Dow tumbles 800 points with Nasdaq, S&P 500 hammered as investors pare rate cut bets", "label": 1, "ticker": "AVGO"}, {"text": "Stock market today: Dow slides, Nasdaq pares losses as Fed rate-cut doubts creep in", "label": 1, "ticker": "AVGO"}, {"text": "Kingdom of Judas 2024 1080p AMZN WEB-DL H264-GPRS", "label": 2, "ticker": "AMZN"}, {"text": "AI's valuation problem reaches a 'mini panic moment'", "label": 0, "ticker": "NVDA"}, {"text": "Strong earnings beat analyst expectations", "label": 3, "ticker": NaN}, {"text": "Apple\u3001\u6700\u65b0\u306emacOS 26 Tahoe\u3084iOS/iPadOS 26\u3001visionOS 26\u3067\u300cNikon ZR\u300d\u3084\u300cOM System OM-3\u300d\u306a\u3069\u306e\u30c7\u30b8\u30bf\u30eb\u30ab\u30e1\u30e9\u306eRAW\u30d5\u30a9\u30fc\u30de\u30c3\u30c8\u3092\u30cd\u30a4\u30c6\u30a3\u30d6\u30b5\u30dd\u30fc\u30c8\u3002", "label": 2, "ticker": "AAPL"}, {"text": "24.7% of Warren Buffett's $315 billion portfolio at Berkshire Hathaway is invested in these 2 unstoppable stocks", "label": 1, "ticker": "AAPL"}, {"text": "Stocks Slump on Reduced Fed Rate Cut Chances", "label": 2, "ticker": "AVGO"}, {"text": "meta-spec 0.7.1", "label": 2, "ticker": "META"}, {"text": "Why are the Dow, S&P 500 and Nasdaq falling today? Here\u2019s why Wall Street\u2019s top gainers and losers are shifting fast", "label": 1, "ticker": "TSLA"}, {"text": "Stock market today: Dow, S&P 500, Nasdaq close mixed to cap a volatile week as Fed cut in doubt", "label": 1, "ticker": "TSM"}, {"text": "Stocks Settle Mixed as Fed Comments Suggest a Rate Cut Pause", "label": 1, "ticker": "NVDA"}, {"text": "Stock market today: Dow slides, Nasdaq pares losses as Fed rate-cut doubts creep in", "label": 1, "ticker": "TSLA"}, {"text": "\"We\u2019re taught to just be grateful and over-deliver,\" says Andrew McCaskill: Here\u2019s what professionals must learn", "label": 3, "ticker": "META"}, {"text": "Why are the Dow, S&P 500 and Nasdaq falling today? Here\u2019s why Wall Street\u2019s top gainers and losers are shifting fast", "label": 1, "ticker": "MSFT"}, {"text": "Company achieves market leadership position", "label": 4, "ticker": NaN}, {"text": "All Eyes On Nvidia After Whipsaw Week. What To Do Now", "label": 2, "ticker": "NVDA"}, {"text": "nvidia-nat-ingestion 1.4.0a20251115", "label": 2, "ticker": "META"}, {"text": "Company achieves market leadership position", "label": 4, "ticker": NaN}, {"text": "Taiwan Semiconductor Manufacturing Company Limited (TSM) Posts Slowest Monthly Growth Since Early Last Year", "label": 2, "ticker": "TSM"}, {"text": "Joby Aviation\u2019s Military Ambitions Are Taking to the Skies. Should You Buy JOBY Stock Here?", "label": 2, "ticker": "SMCI"}, {"text": "Trying To Lower Cholesterol? This Is How Much Fiber You Need To Be Eating", "label": 1, "ticker": "META"}, {"text": "Stock market today: Dow, S&P 500, Nasdaq close mixed to cap a volatile week as Fed cut in doubt", "label": 1, "ticker": "AAPL"}, {"text": "The OnePlus 15 needs a cooler processor, not a bigger battery", "label": 2, "ticker": "META"}, {"text": "No significant changes reported in financials", "label": 2, "ticker": NaN}, {"text": "Stocks Slump on Reduced Fed Rate Cut Chances", "label": 2, "ticker": "AAPL"}, {"text": "Ungentle 2022 1080p AMZN WEB-DL H264-BiOMA", "label": 2, "ticker": "AMZN"}, {"text": "Jim Cramer Discusses Reports of Apple (AAPL)\u2019s AI Deal With Google", "label": 2, "ticker": "AAPL"}, {"text": "If You Invested $1000 In Microsoft Stock 5 Years Ago, You Would Have This Much Today", "label": 2, "ticker": "MSFT"}, {"text": "Why are the Dow, S&P 500 and Nasdaq falling today? Here\u2019s why Wall Street\u2019s top gainers and losers are shifting fast", "label": 1, "ticker": "AAPL"}, {"text": "Tech crash alert: $1.5 trillion lost from US stock market in just 48 hours \u2014 Nasdaq, S&P 500, Dow fall as rate cut hopes fade", "label": 1, "ticker": "MSFT"}, {"text": "Supermicro Stock Slips 33% in a Month: Should You Buy, Sell, or Hold SMCI?", "label": 2, "ticker": "SMCI"}, {"text": "Positive outlook for next quarter", "label": 3, "ticker": NaN}, {"text": "Dow Jones Futures: Nvidia Looms For Market After Wild Week. 5 Stocks Near Buy Points", "label": 2, "ticker": "NVDA"}, {"text": "Tech crash alert: $1.5 trillion lost from US stock market in just 48 hours \u2014 Nasdaq, S&P 500, Dow fall as rate cut hopes fade", "label": 1, "ticker": "GOOGL"}, {"text": "Weekend reads: Debunking \u2018When Prophecy Fails\u2019; \u2018Godfather of AI\u2019 first to reach 1 million citations; \u2018Cake causes herpes?\u2019", "label": 2, "ticker": "META"}, {"text": "fba-finance added to PyPI", "label": 2, "ticker": "GOOGL"}, {"text": "Outstanding performance sets new industry standards", "label": 4, "ticker": NaN}, {"text": "The Ties That Bind Us 2024 720p AMZN WEB H264-ZeroTwo", "label": 2, "ticker": "AMZN"}, {"text": "Druckenmiller Opens Position In Amazon, Closes Microsoft \u2014 Here's More Of Duquesne's Biggest Q3 Moves", "label": 2, "ticker": "GOOGL"}, {"text": "Nancy Pelosi Is Retiring up 595%, but She\u2019s Still Holding on to These 3 Stocks", "label": 2, "ticker": "GOOGL"}, {"text": "Chubb Limited Stock: Is Wall Street Bullish or Bearish?", "label": 1, "ticker": "NVDA"}, {"text": "Breakthrough innovation drives massive growth", "label": 4, "ticker": NaN}, {"text": "Strong earnings beat analyst expectations", "label": 3, "ticker": NaN}, {"text": "Stock price crashed 50% following fraud allegations", "label": 0, "ticker": NaN}, {"text": "Palantir CEO Alex Karp warns some AI investments 'may not create enough value' to justify cost", "label": 1, "ticker": "MSFT"}, {"text": "Stock surges 30% on exceptional earnings report", "label": 4, "ticker": NaN}, {"text": "nvidia-nat-all 1.4.0a20251115", "label": 2, "ticker": "META"}, {"text": "Stocks Slump on Reduced Fed Rate Cut Chances", "label": 2, "ticker": "GOOGL"}, {"text": "Tesla requires suppliers to avoid China-made parts for US cars, WSJ reports", "label": 1, "ticker": "TSLA"}, {"text": "Stock market today: Dow, S&P 500, Nasdaq close mixed to cap a volatile week as Fed cut in doubt", "label": 1, "ticker": "AVGO"}, {"text": "Revenue decreased compared to last quarter", "label": 1, "ticker": NaN}, {"text": "meta-spec 0.7.0", "label": 2, "ticker": "META"}, {"text": "Stocks Weighed Down by Weakness in Chipmakers and Megacap Tech Stocks", "label": 1, "ticker": "MSFT"}, {"text": "Tesla Showroom Fire Destroys 24 Vehicles In France \u2014 Authorities Suspect Arson: Report", "label": 0, "ticker": "TSLA"}, {"text": "Inside The Arrest S01E03 1080p AMZN WEB-DL H264-RAWR", "label": 1, "ticker": "AMZN"}, {"text": "Wells Fargo Reaffirms Underweight on Tesla (TSLA) Amid Sharp Delivery Declines", "label": 3, "ticker": "TSLA"}, {"text": "The Demon Wardens: Convergence of Souls (2025)", "label": 2, "ticker": "AMZN"}, {"text": "Close To Me 2025 720p AMZN WEB H264-ZeroTwo", "label": 2, "ticker": "AMZN"}, {"text": "The Shutdown Is Over. Winter Is Usually Good For Stocks. Here's Why Investors Are Selling.", "label": 3, "ticker": "AVGO"}, {"text": "TKO Group Stock Outlook: Is Wall Street Bullish or Bearish?", "label": 2, "ticker": "SMCI"}, {"text": "Nancy Pelosi Is Retiring up 595%, but She\u2019s Still Holding on to These 3 Stocks", "label": 2, "ticker": "AVGO"}, {"text": "Stock market today: Dow, S&P 500, Nasdaq dive, deepening bruising sell-off as rate-cut doubts creep in", "label": 1, "ticker": "TSLA"}, {"text": "Beln 2025 1080p AMZN WEB-DL Atmos H264-playWEB", "label": 2, "ticker": "AMZN"}, {"text": "Tech crash alert: $1.5 trillion lost from US stock market in just 48 hours \u2014 Nasdaq, S&P 500, Dow fall as rate cut hopes fade", "label": 1, "ticker": "TSLA"}, {"text": "Stock surges 30% on exceptional earnings report", "label": 4, "ticker": NaN}, {"text": "Palantir Stock vs. Alphabet Stock: Wall Street Says to Buy Only One", "label": 2, "ticker": "GOOGL"}, {"text": "Swiped 2018 1080p AMZN WEB-DL H264-GPRS", "label": 2, "ticker": "AMZN"}, {"text": "Stocks Settle Mixed as Fed Comments Suggest a Rate Cut Pause", "label": 1, "ticker": "TSLA"}, {"text": "I\u2019m Old Enough to Remember When a 500-Point-Drop in the Dow Jones Was a Crisis. Now It\u2019s Just a Warning.", "label": 0, "ticker": "SMCI"}, {"text": "Why Microsoft (MSFT) Is Spending Billions to Expand Its AI Infrastructure Worldwide", "label": 3, "ticker": "MSFT"}, {"text": "Sandisk (SNDK) Is Not A Growth Company, Says Jim Cramer", "label": 1, "ticker": "TSM"}, {"text": "Stock price remains stable around current levels", "label": 2, "ticker": NaN}, {"text": "Stocks Pressured by Higher Bond Yields and Weakness in Chipmakers", "label": 1, "ticker": "AVGO"}, {"text": "Company faces challenges in competitive market", "label": 1, "ticker": NaN}, {"text": "Michael Burry Warned That the AI Bubble Is About to Burst. If You Agree, Use Options to Bet Against These 2 Stocks.", "label": 2, "ticker": "NVDA"}, {"text": "Nvidia Earnings Seen As Key To Reviving AI Stock Trade", "label": 2, "ticker": "TSM"}, {"text": "Barchart\u2019s Technical Indicators Are Flashing \u2018Buy\u2019 as Warren Buffett Loads Up on 17.8 Million Shares of Google Stock", "label": 3, "ticker": "GOOGL"}, {"text": "NVDA, MSFT, GOOGL: Ray Dalio\u2019s Bridgewater Loses Confidence in Big Tech, Trims Stakes in Q3", "label": 3, "ticker": "NVDA"}, {"text": "Microsoft (MSFT) Beats Q1 Estimates as Azure\u2019s AI-Driven Cloud Growth Surges Past Expectations", "label": 3, "ticker": "MSFT"}, {"text": "Is Taiwan Semiconductor Manufacturing (TSM) the Most Fantastic Stock to Buy Now?", "label": 3, "ticker": "TSM"}, {"text": "5 Best Investments for the Upper Class To Make Before 2026", "label": 4, "ticker": "AVGO"}, {"text": "Company expands market share in key segments", "label": 3, "ticker": NaN}, {"text": "Stock market today: Dow slides, Nasdaq pares losses as Fed rate-cut doubts creep in", "label": 1, "ticker": "AAPL"}, {"text": "Stock market today: Dow, S&P 500, Nasdaq close mixed to cap a volatile week as Fed cut in doubt", "label": 1, "ticker": "NVDA"}, {"text": "Tit-For-Tat: Porn Producers Counter Meta\u2019s \u201cPersonal Use\u201d Piracy Defense", "label": 2, "ticker": "META"}, {"text": "Strategic partnerships boost company prospects", "label": 3, "ticker": NaN}, {"text": "US jury says Apple must pay Masimo $634 million in smartwatch patent case", "label": 2, "ticker": "AAPL"}, {"text": "Taiwan Semiconductor Reports All Systems Go With October Sales", "label": 2, "ticker": "TSM"}, {"text": "Stocks Slump on Reduced Fed Rate Cut Chances", "label": 2, "ticker": "MSFT"}, {"text": "BofA Reaffirms Buy on Broadcom (AVGO) Amid Multi-Year AI Spending Cycle and Strong Positioning", "label": 3, "ticker": "AVGO"}, {"text": "Why These Wall Street Experts Expect Big Things From Nvidia's Earnings Report Next Week", "label": 2, "ticker": "GOOGL"}, {"text": "Western Digital (WDC)\u2019s Gains Are Remarkable, Says Jim Cramer", "label": 4, "ticker": "TSM"}, {"text": "Record-breaking profits exceed all forecasts", "label": 4, "ticker": NaN}, {"text": "Mini App Partner Program launch is a \u2018clear positive\u2019 for Apple", "label": 2, "ticker": "AAPL"}, {"text": "Find Stocks to Trade Before the Rest of the Market by Adding This Trend Indicator to Your Charts", "label": 2, "ticker": "AAPL"}, {"text": "Record-breaking profits exceed all forecasts", "label": 4, "ticker": NaN}, {"text": "Google to invest $40 billion in new data centers in Texas", "label": 2, "ticker": "GOOGL"}, {"text": "Should You Buy the Post-Earnings Dip in Pinterest Stock?", "label": 2, "ticker": "GOOGL"}, {"text": "Jefferies Tells NVIDIA to Step Aside, Picks Broadcom as Top Semiconductor Stock", "label": 3, "ticker": "NVDA"}, {"text": "The Challenge S41E16 1080p AMZN WEB-DL H264-RAWR", "label": 2, "ticker": "AMZN"}, {"text": "Nancy Pelosi Is Retiring up 595%, but She\u2019s Still Holding on to These 3 Stocks", "label": 2, "ticker": "AVGO"}, {"text": "Microsoft Corporation (MSFT) Partners with Pantone to Enable AI Use in Creative and Design Industry", "label": 3, "ticker": "MSFT"}, {"text": "Wells Fargo says lock in gains in tech and invest here instead", "label": 3, "ticker": "TSM"}, {"text": "3 Buy-And-Forget Dividend Stocks With Snowballing Payouts", "label": 2, "ticker": "TSM"}, {"text": "Digi Power X Achieves Positive Net Earnings for Q3 2025 and Reports Strong Balance Sheet to Support 2026 AI Infrastructure Development Plan", "label": 4, "ticker": "SMCI"}, {"text": "This Analyst Warns Tesla Stock Could Plunge 70% Despite Elon Musk\u2019s $1 Trillion Pay Package Win", "label": 3, "ticker": "TSLA"}, {"text": "fba-finance added to PyPI", "label": 2, "ticker": "AAPL"}, {"text": "Study on breast cancer and birth control shows how science can be distorted", "label": 0, "ticker": "META"}, {"text": "Taiwan Semiconductor Hikes Dividend, Approves $15 Billion Spending Plan For New Chip Factories", "label": 3, "ticker": "TSM"}, {"text": "Stocks Weighed Down by Weakness in Chipmakers and Megacap Tech Stocks", "label": 1, "ticker": "GOOGL"}, {"text": "Positive outlook for next quarter", "label": 3, "ticker": NaN}, {"text": "Stocks Weighed Down by Weakness in Chipmakers and Megacap Tech Stocks", "label": 1, "ticker": "AVGO"}, {"text": "Sun Transit in Scorpio 2025: What it means for your zodiac sign", "label": 2, "ticker": "META"}, {"text": "Major layoffs announced as firm struggles", "label": 0, "ticker": NaN}, {"text": "Merteuil S01E01 1080p AMZN WEB-DL H264-playWEB", "label": 2, "ticker": "AMZN"}, {"text": "Warren Buffett's Berkshire Hathaway bets on Alphabet", "label": 2, "ticker": "GOOGL"}, {"text": "Why Nvidia CEO Jensen Huang\u2019s Meeting with Taiwan Semi Is a Big Deal for NVDA Stock", "label": 2, "ticker": "TSM"}, {"text": "Belkin\u3001\u81ea\u52d5\u30c8\u30e9\u30c3\u30ad\u30f3\u30b0\u30b9\u5bfe\u5fdc\u306eiPhone\u30b9\u30bf\u30f3\u30c9\u300cBelkin Auto-Tracking Stand Pro with DockKit\u300d\u3068\u30e2\u30d0\u30a4\u30eb\u30d0\u30c3\u30c6\u30ea\u30fc\u300cBelkin BoostCharge USB-C PD \u30d1\u30ef\u30fc\u30d0\u30f3\u30af 20K\u300d\u306e\u30ea\u30b3\u30fc\u30eb\u3092\u767a\u8868\u3002", "label": 2, "ticker": "AAPL"}, {"text": "Phia, a popular AI shopping agent founded by Bill Gates\u2019 daughter Phoebe Gates and Sophia Kianni, has been collecting a concerning amount of user data", "label": 3, "ticker": "META"}], "val": [{"text": "Profit margins declined due to rising costs", "label": 1, "ticker": NaN}, {"text": "Severe decline in revenue threatens corporation survival", "label": 0, "ticker": NaN}, {"text": "Tesla requires suppliers to avoid China-made parts for US cars, WSJ reports", "label": 1, "ticker": "TSLA"}, {"text": "Stocks Settle Mixed as Fed Comments Suggest a Rate Cut Pause", "label": 1, "ticker": "AAPL"}, {"text": "No significant changes reported in financials", "label": 2, "ticker": NaN}, {"text": "Quarterly results align with market expectations", "label": 2, "ticker": NaN}, {"text": "Stocks Settle Mixed as Fed Comments Suggest a Rate Cut Pause", "label": 1, "ticker": "GOOGL"}, {"text": "Stocks Weighed Down by Weakness in Chipmakers and Megacap Tech Stocks", "label": 1, "ticker": "AAPL"}, {"text": "Amazon.com (AMZN) Looks to Expand Its Amazon Bazaar to 14 New Markets", "label": 3, "ticker": "AMZN"}, {"text": "Revenue decreased compared to last quarter", "label": 1, "ticker": NaN}, {"text": "Microsoft (NASDAQ: MSFT) Stock Price Prediction for 2025: Where Will It Be in 1 Year", "label": 2, "ticker": "MSFT"}, {"text": "Stock price remains stable around current levels", "label": 2, "ticker": NaN}, {"text": "If You Invested $1000 In Tesla Stock 15 Years Ago, You Would Have This Much Today", "label": 2, "ticker": "TSLA"}, {"text": "Revenue growth driven by new product launches", "label": 3, "ticker": NaN}, {"text": "Apple shares hit new all-time closing high", "label": 3, "ticker": "TSM"}, {"text": "BofA Reaffirms Bullish Stance on Alphabet (GOOGL) As AI And Cloud Growth Accelerate", "label": 3, "ticker": "GOOGL"}, {"text": "Stock market today: Dow, S&P 500, Nasdaq close mixed to cap a volatile week as Fed cut in doubt", "label": 1, "ticker": "TSLA"}, {"text": "Regulatory investigation reveals serious violations", "label": 0, "ticker": NaN}, {"text": "Company maintains steady performance this quarter", "label": 2, "ticker": NaN}, {"text": "Are Wall Street Analysts Bullish on International Flavors & Fragrances Stock?", "label": 2, "ticker": "SMCI"}, {"text": "Stock market today: Dow, S&P 500, Nasdaq futures dive after bruising sell-off as rate-cut doubts creep in", "label": 1, "ticker": "TSLA"}, {"text": "Dog Fugitive 2025 1080p AMZN WEB-DL H264-SURGE", "label": 2, "ticker": "AMZN"}, {"text": "Wall Street Touts Tesla Inc. (TSLA) Prospects Following $1Trillion Elon Musk Compensation Approval", "label": 4, "ticker": "TSLA"}, {"text": "Microsoft initiated, Home Depot downgraded: Wall Street's top analyst calls", "label": 3, "ticker": "MSFT"}, {"text": "Gear News of the Week: Steam Makes a Home Console, and Apple Debuts a $230 Pouch for Your iPhone", "label": 2, "ticker": "META"}, {"text": "Jim Cramer Discusses Reports of Apple (AAPL)\u2019s AI Deal With Google", "label": 2, "ticker": "AAPL"}, {"text": "Company maintains steady performance this quarter", "label": 2, "ticker": NaN}, {"text": "Here\u2019s What Lifted Broadcom (AVGO) in Q3", "label": 2, "ticker": "AVGO"}, {"text": "If You Invested $1000 In Super Micro Computer Stock 5 Years Ago, You Would Have This Much Today", "label": 3, "ticker": "SMCI"}, {"text": "Bio-Techne Stock: Is Wall Street Bullish or Bearish?", "label": 2, "ticker": "SMCI"}, {"text": "Meta Opens Pop-Up Stores to Build Buzz for Its AI Glasses", "label": 2, "ticker": "META"}, {"text": "Earnings live: Cisco stock pops, Circle slides, On Holding and McGraw Hill stocks surge", "label": 2, "ticker": "SMCI"}, {"text": "Breakthrough innovation drives massive growth", "label": 4, "ticker": NaN}, {"text": "Stock Market Today: Dow Jones Index Slides Another 300 Points; Nvidia, Tesla Extend Losses (Live Coverage)", "label": 1, "ticker": "TSLA"}, {"text": "Delhi blast raises red flags for India\u2019s used-car market", "label": 2, "ticker": "TSM"}, {"text": "Michael Burry called it: AI darlings tank just 10 days after his bearish bet \u2014 Nvidia and Palantir slide hard", "label": 3, "ticker": "NVDA"}, {"text": "Quarterly results align with market expectations", "label": 2, "ticker": NaN}, {"text": "Record-breaking profits exceed all forecasts", "label": 4, "ticker": NaN}], "test": [{"text": "What Are Wall Street Analysts' Target Price for LyondellBasell Industries Stock?", "label": 2, "ticker": "SMCI"}, {"text": "Nancy Pelosi Is Retiring up 595%, but She\u2019s Still Holding on to These 3 Stocks", "label": 2, "ticker": "GOOGL"}, {"text": "Bitcoin mining news: Bitcoin mining stocks Lose $8B, Bitdeer\u2019s datacenter fire, AI delays hit CORZ", "label": 0, "ticker": "NVDA"}, {"text": "Why are the Dow, S&P 500 and Nasdaq falling today? Here\u2019s why Wall Street\u2019s top gainers and losers are shifting fast", "label": 1, "ticker": "AVGO"}, {"text": "3 reasons why Bitcoin and risk markets sold off: Is a recovery on the horizon?", "label": 1, "ticker": "TSLA"}, {"text": "NVDA, MSFT, GOOGL: Ray Dalio\u2019s Bridgewater Loses Confidence in Big Tech, Trims Stakes in Q3", "label": 3, "ticker": "MSFT"}, {"text": "Tesla stock falls sharply as Elon Musk\u2019s $1 billion share buy faces possible loss", "label": 2, "ticker": "TSLA"}, {"text": "Company continues normal operations", "label": 2, "ticker": NaN}, {"text": "Cryptid Goatman 2025 1080p AMZN WEB-DL H264-playWEB", "label": 2, "ticker": "AMZN"}, {"text": "Accessible Form Validation: Best Practices", "label": 4, "ticker": "NVDA"}, {"text": "Nvidia's Earnings Are Almost Here. Investors Are Already Worried About the AI Rally.", "label": 1, "ticker": "AVGO"}, {"text": "Microsoft Corporation (MSFT) Unveils Its $10 Billion Investment Plan for AI Infrastructure in a Data Center in Portugal", "label": 2, "ticker": "MSFT"}, {"text": "Seagate (STX)\u2019s Gains Are Remarkable, Says Jim Cramer", "label": 4, "ticker": "TSM"}, {"text": "Profit margins declined due to rising costs", "label": 1, "ticker": NaN}, {"text": "Supermicro Stock Slips 33% in a Month: Should You Buy, Sell, or Hold SMCI?", "label": 2, "ticker": "SMCI"}, {"text": "NVDA, MSFT, GOOGL: Ray Dalio\u2019s Bridgewater Loses Confidence in Big Tech, Trims Stakes in Q3", "label": 3, "ticker": "GOOGL"}, {"text": "How to Use the New AI Features in OmniFocus, the Power User\u2019s To-Do List", "label": 2, "ticker": "META"}, {"text": "If You Wait for the Dip, Micron Technology Could Leave You Behind", "label": 2, "ticker": "NVDA"}, {"text": "META Stock Has Fallen 15% This Month, but Wedbush Says It Can Soar 50% from Here", "label": 2, "ticker": "NVDA"}, {"text": "Company achieves market leadership position", "label": 4, "ticker": NaN}, {"text": "Revenue growth driven by new product launches", "label": 3, "ticker": NaN}, {"text": "The company reported massive losses and bankruptcy is imminent", "label": 0, "ticker": NaN}, {"text": "Earnings live: Applied Materials stock falls, Trump brothers' American Bitcoin revenue doubles", "label": 2, "ticker": "SMCI"}, {"text": "Amidst AI bubble fears, Warren Buffet officially buys-in to Artificial Intelligence revolution and stocks give thumbs up. Here's why", "label": 2, "ticker": "GOOGL"}, {"text": "The Shutdown Is Over. Winter Is Usually Good For Stocks. Here's Why Investors Are Selling.", "label": 3, "ticker": "MSFT"}, {"text": "Barchart\u2019s Technical Indicators Are Flashing \u2018Buy\u2019 as Warren Buffett Loads Up on 17.8 Million Shares of Google Stock", "label": 3, "ticker": "AAPL"}, {"text": "Regulatory investigation reveals serious violations", "label": 0, "ticker": NaN}, {"text": "Chubb Limited Stock: Is Wall Street Bullish or Bearish?", "label": 1, "ticker": "SMCI"}, {"text": "FTSE 100 LIVE: London slides and UK gilts sell as Reeves spooks market with tax U-turn", "label": 2, "ticker": "TSLA"}, {"text": "$100 Invested In Broadcom 5 Years Ago Would Be Worth This Much Today", "label": 3, "ticker": "AVGO"}, {"text": "Kaosun Anatomisi S01 1080p AMZN WEB-DL H264-playWEB", "label": 2, "ticker": "AMZN"}, {"text": "Why These Wall Street Experts Expect Big Things From Nvidia's Earnings Report Next Week", "label": 2, "ticker": "MSFT"}, {"text": "Jefferies Tells NVIDIA to Step Aside, Picks Broadcom as Top Semiconductor Stock", "label": 3, "ticker": "GOOGL"}, {"text": "Where Goldman Sachs says the S&P 500 is headed next year and in the next decade", "label": 2, "ticker": "TSM"}, {"text": "Stocks Settle Mixed as Fed Comments Suggest a Rate Cut Pause", "label": 1, "ticker": "MSFT"}, {"text": "Stock market today: Dow slides, Nasdaq pares losses as Fed rate-cut doubts creep in", "label": 1, "ticker": "MSFT"}, {"text": "BItcoin hits 6-month low as AI fears add to risk-off mood: How are pro traders positioned?", "label": 1, "ticker": "SMCI"}, {"text": "fba-finance added to PyPI", "label": 2, "ticker": "MSFT"}]}